[
  {
    "pk": 0, 
    "model": "amcat.role", 
    "fields": {
      "projectlevel": false, 
      "label": "reader"
    }
  }, 
  {
    "pk": 1, 
    "model": "amcat.role", 
    "fields": {
      "projectlevel": false, 
      "label": "read/write"
    }
  }, 
  {
    "pk": 2, 
    "model": "amcat.role", 
    "fields": {
      "projectlevel": false, 
      "label": "admin"
    }
  }, 
  {
    "pk": 3, 
    "model": "amcat.role", 
    "fields": {
      "projectlevel": false, 
      "label": "superadmin"
    }
  },
  {
    "pk": 4, 
    "model": "amcat.role", 
    "fields": {
      "projectlevel": false, 
      "label": "developer"
    }
  },
  {
    "pk": 10, 
    "model": "amcat.role", 
    "fields": {
      "projectlevel": true, 
      "label": "metareader"
    }
  }, 
  {
    "pk": 11, 
    "model": "amcat.role", 
    "fields": {
      "projectlevel": true, 
      "label": "reader"
    }
  }, 
  {
    "pk": 12, 
    "model": "amcat.role", 
    "fields": {
      "projectlevel": true, 
      "label": "read/write"
    }
  }, 
  {
    "pk": 13, 
    "model": "amcat.role", 
    "fields": {
      "projectlevel": true, 
      "label": "admin"
    }
  }, 
  {
    "pk": 1, 
    "model": "amcat.privilege", 
    "fields": {
      "role": 3, 
      "label": "manage_users"
    }
  }, 
  {
    "pk": 2, 
    "model": "amcat.privilege", 
    "fields": {
      "role": 2, 
      "label": "manage_users_same_affiliation"
    }
  }, 
  {
    "pk": 3, 
    "model": "amcat.privilege", 
    "fields": {
      "role": 3, 
      "label": "view_users"
    }
  }, 
  {
    "pk": 4, 
    "model": "amcat.privilege", 
    "fields": {
      "role": 0, 
      "label": "view_users_same_affiliation"
    }
  }, 
  {
    "pk": 5, 
    "model": "amcat.privilege", 
    "fields": {
      "role": 3, 
      "label": "view_all_projects"
    }
  }, 
  {
    "pk": 6, 
    "model": "amcat.privilege", 
    "fields": {
      "role": 1, 
      "label": "create_project"
    }
  }, 
  {
    "pk": 7, 
    "model": "amcat.privilege", 
    "fields": {
      "role": 1, 
      "label": "manage_media"
    }
  }, 
  {
    "pk": 8, 
    "model": "amcat.privilege", 
    "fields": {
      "role": 3, 
      "label": "manage_site"
    }
  }, 
  {
    "pk": 9, 
    "model": "amcat.privilege", 
    "fields": {
      "role": 12, 
      "label": "add_articles"
    }
  }, 
  {
    "pk": 10, 
    "model": "amcat.privilege", 
    "fields": {
      "role": 13, 
      "label": "manage_project_users"
    }
  }, 
  {
    "pk": 11, 
    "model": "amcat.privilege", 
    "fields": {
      "role": 12, 
      "label": "manage_codebooks"
    }
  }, 
  {
    "pk": 12, 
    "model": "amcat.privilege", 
    "fields": {
      "role": 12, 
      "label": "manage_schemas"
    }
  }, 
  {
    "pk": 13, 
    "model": "amcat.privilege", 
    "fields": {
      "role": 12, 
      "label": "manage_sets"
    }
  }, 
  {
    "pk": 14, 
    "model": "amcat.privilege", 
    "fields": {
      "role": 12, 
      "label": "manage_project"
    }
  }, 
  {
    "pk": 15, 
    "model": "amcat.privilege", 
    "fields": {
      "role": 12, 
      "label": "manage_codingjobs"
    }
  }, 
  {
    "pk": 16, 
    "model": "amcat.privilege", 
    "fields": {
      "role": 10, 
      "label": "read_meta"
    }
  }, 
  {
    "pk": 17, 
    "model": "amcat.privilege", 
    "fields": {
      "role": 11, 
      "label": "read_articles"
    }
  }, 
  {
    "pk": 18, 
    "model": "amcat.privilege", 
    "fields": {
      "role": 3, 
      "label": "sentry.can_view"
    }
  },
{
    "pk": 19, 
    "model": "amcat.privilege", 
    "fields": {
      "role": 2, 
      "label": "add_plugins"
    }
  },
  {
    "pk": 1, 
    "model": "amcat.language", 
    "fields": {
      "label": "en"
    }
  },
  {
    "pk": 2, 
    "model": "amcat.language", 
    "fields": {
      "label": "nl"
    }
  },
  {
    "pk": 3, 
    "model": "amcat.language", 
    "fields": {
      "label": "de"
    }
  },
  {
    "pk": 0,
    "model": "amcat.language",
    "fields": {
      "label": "?"
    }
  },
  {
    "pk" : 1, 
    "model": "amcat.codingschemafieldtype",
    "fields" : {
      "name" : "normal",
      "serialiserclassname" : "TextSerialiser"
    }
  },
  {
    "pk" : 2, 
    "model": "amcat.codingschemafieldtype",
    "fields" : {
      "name" : "integer",
      "serialiserclassname" : "IntSerialiser"
    }
  },
  {
    "pk" : 5, 
    "model": "amcat.codingschemafieldtype",
    "fields" : {
      "name" : "DB ontology",
      "serialiserclassname" : "CodebookSerialiser"
    }
  },
{
    "pk" : 6, 
    "model": "amcat.codingschemafieldtype",
    "fields" : {
      "name" : "Decimal",
      "serialiserclassname" : "TextSerialiser"
    }
  },
  {
    "pk" : 7, 
    "model": "amcat.codingschemafieldtype",
    "fields" : {
      "name" : "Boolean",
      "serialiserclassname" : "TextSerialiser"
    }
  },
  {  "pk" : 9, 
    "model": "amcat.codingschemafieldtype",
    "fields" : {
      "name" : "Quality",
      "serialiserclassname" : "TextSerialiser"
    }
  },
  {  "pk" : 10, 
    "model": "amcat.codingschemafieldtype",
    "fields" : {
      "name" : "Area",
      "serialiserclassname" : "TextSerialiser"
    }
  },
  {  "pk" : 11, 
    "model": "amcat.codingschemafieldtype",
    "fields" : {
      "name" : "Arrowreference",
      "serialiserclassname" : "TextSerialiser"
    }
  },
  {  "pk" : 12, 
    "model": "amcat.codingschemafieldtype",
    "fields" : {
      "name" : "Interval",
      "serialiserclassname" : "FromFieldSerialiser"
    }
  },
  {  "pk" : 0,
    "model": "amcat.codingstatus",
    "fields" : {
      "label" : "Not started"
    }
  },
  {  "pk" : 1,
    "model": "amcat.codingstatus",
    "fields" : {
      "label" : "In Progress"
    }
  },
  {  "pk" : 2,
    "model": "amcat.codingstatus",
    "fields" : {
      "label" : "Finished"
    }
  },
  {  "pk" : 9,
    "model": "amcat.codingstatus",
    "fields" : {
      "label" : "Irrelevant"
    }
  },
  {  "pk" : 0,
    "model": "amcat.function",
    "fields" : {
      "label" : "generic",
      "description" : "general taxonomic more-specific-than relation"
    }
  },
  {  "pk" : 1,
    "model": "amcat.plugin",
    "fields" : {
      "label" : "Analysis Script",
      "description" : "Superclass for NLP Analysis plugins",
      "class_name" : "AnalysisScript",
      "module" : "amcat.nlp.analysisscript"
    }
  },
  {"pk" : 2,
    "model": "amcat.plugin",
    "fields" : {
      "label" : "Article Upload",	
      "description" : "Superclass for Article Upload plugins",
      "class_name" : "UploadScript",
      "module" : "amcat.scripts.article_upload.upload"
    }
  },
  {"pk" : 1,
    "model": "amcat.plugintype",
    "fields" : {
      "label" : "NLP Preprocessing",	
      "description" : "Plugin for NLP Preprocessing analyses",
      "superclass" : 1,
      "package" : "amcat.nlp"
    }
  },
  {"pk" : 2,
    "model": "amcat.plugintype",
    "fields" : {
      "label" : "Article Upload",	
      "description" : "Plugin for uploading new articles",
      "superclass" : 2,
      "package" : "amcat.scripts"
    }
  }
]